Category,Metric,LLaMat3-chat,LLaMat3,LLaMA3-chat-FT,LLaMA3-FT,LLaMat2-chat,LLaMat2,LLaMA2-chat-FT,LLaMA2-FT,Claude-3.5-Sonnet,Claude-3-Opus,Claude-3-Haiku,Gemini-1.5-Pro,Gemini-1.5-Flash,Gemini-1.5-Flash-8b,GPT-4o,GPT-4
Mat Sci Tasks,Macro-f1,88.455,83.548,78.775,83.85400000000001,88.73499999999999,87.719,87.398,86.114,62.156000000000006,53.145,32.979,54.03699999999999,43.989999999999995,45.314,62.42,54.010000000000005
Mat Sci Tasks,Micro-fq,93.027,89.10099999999998,86.225,90.106,93.326,92.55999999999999,92.295,91.662,66.593,57.73,35.86300000000001,59.722,46.71300000000001,51.152,68.246,60.04
English Tasks,Macro-f1,83.2475,84.36500000000001,85.19,84.82499999999999,84.6225,84.0725,83.945,84.965,68.3725,69.0275,63.2,86.55,84.8,80.715,78.3275,47.4675
English Tasks,Micro-f1,86.52499999999999,87.78999999999999,88.5225,88.19999999999999,87.8625,87.26,87.3075,88.08500000000001,72.3875,73.71000000000001,69.32249999999999,90.0675,88.77250000000001,84.735,83.5725,58.747499999999995
