element_count_category,actual_pred_cif_llamat2_9064_llamat2_1758654262.csv,actual_pred_cif_llamat3_9064_llamat3_1758654262.csv
1 element,73.23943661971832,29.577464788732392
2 elements,74.95817066369213,5.800334634690463
3 elements,80.69483568075117,4.732394366197183
4 elements,79.19951485748939,6.488781079442087
5 elements,74.5,7.5
6+ elements,75.0,25.0
