spacegroup_category,actual_pred_cif_llamat2_9064_llamat2_1758654262.csv,actual_pred_cif_llamat3_9064_llamat3_1758654262.csv
Cubic,90.82058414464534,6.351414000927214
Hexagonal,79.8974358974359,4.717948717948718
Monoclinic,71.73913043478261,5.357142857142857
Orthorhombic,73.97101449275362,4.463768115942028
Tetragonal,77.13004484304933,4.740550928891736
Triclinic,72.3404255319149,8.51063829787234
Trigonal,76.76348547717843,6.846473029045644
